
<entities file_version="0.1">
	<entity bz="19343" bx="18974" class="EntityImage" item_id="218" by="73"/>
	<entity bz="19343" bx="18974" class="EntityImage" item_id="218" by="72"/>
	<entity bz="19343" bx="18972" class="EntityImage" item_id="218" by="76"/>
	<entity bz="19343" bx="18974" class="EntityImage" item_id="218" by="75"/>
	<entity bz="19343" bx="18968" class="EntityImage" item_id="218" by="74">
		<cmd>c.png
		</cmd>
	</entity>
	<entity bz="19343" bx="18968" class="EntityImage" item_id="218" by="73"/>
	<entity bz="19343" bx="18971" class="EntityImage" item_id="218" by="76">
		<cmd>a.png
		</cmd>
	</entity>
	<entity bz="19343" bx="18968" class="EntityImage" item_id="218" by="72"/>
	<entity bz="19343" bx="18970" class="EntityImage" item_id="218" by="76"/>
	<entity bz="19343" bx="18968" class="EntityImage" item_id="218" by="75"/>
	<entity bz="19343" bx="18974" class="EntityImage" item_id="218" by="74">
		<cmd>b.png
		</cmd>
	</entity>
	<entity bz="19307" bx="18971" class="EntitySign" item_id="211" by="69">
		<cmd><![CDATA[进入后请站在
台下 不要扰乱
主持活动]]>
		</cmd>
	</entity>
	<entity bz="19352" bx="18966" class="EntitySign" item_id="211" by="73">
		<cmd><![CDATA[作者：Piovoso
发现侵权追究
法律责任]]>
		</cmd>
	</entity>
</entities>