
<entity bz="19349" motionZ="0" anim="Break" displayName="0" class="Player" item_id="30002" onGround="true" bx="18971" facing="2.7729985713959" motionX="0" by="72" name="default" motionY="0">
	<inventory handtool_bagpos="3">
		<slot count="1" id="101"/>
		<slot count="1" id="90"/>
		<slot count="1" id="161"/>
		<slot/>
		<slot/>
		<slot/>
		<slot/>
		<slot/>
		<slot/>
		<slot count="3" id="176"/>
		<slot count="5" id="101"/>
		<slot count="1" id="68"/>
		<slot count="3" id="160"/>
		<slot count="3" id="138"/>
		<slot count="1" id="17"/>
		<slot count="3" id="183"/>
		<slot count="1" id="58"/>
		<slot count="1" id="75"/>
		<slot count="1" id="140"/>
		<slot count="2" id="161"/>
		<slot count="1" id="172"/>
		<slot count="1" id="188"/>
		<slot count="4" id="90"/>
		<slot count="4" id="70"/>
		<slot count="1" id="111"/>
		<slot count="2" id="182"/>
		<slot count="1" id="69"/>
		<slot count="1" id="187"/>
		<slot count="1" id="173"/>
		<slot count="3" id="184"/>
		<slot count="1" id="21"/>
		<slot count="1" id="94"/>
		<slot count="1" id="181"/>
		<slot count="3" id="180"/>
		<slot count="1" id="62"/>
		<slot count="1" id="179"/>
	</inventory>
	<abilities/>
</entity>