
<entity bz="19355" motionZ="0" anim="Create" displayName="271882168" class="Player" item_id="30002" onGround="true" bx="18973" skin="Texture/blocks/human/girl_brown_hairs01.png" facing="0" motionX="0" by="72" name="default" motionY="0">
	<inventory handtool_bagpos="2">
		<slot count="1" id="116"/>
		<slot count="1" id="211"/>
		<slot count="1" id="105"/>
		<slot count="1" id="212"/>
		<slot count="1" id="189"/>
		<slot count="1" id="101"/>
		<slot count="1" id="70"/>
		<slot count="1" id="115"/>
		<slot/>
		<slot count="1" id="176"/>
		<slot count="2" id="212"/>
		<slot count="1" id="139"/>
		<slot count="1" id="211"/>
		<slot count="1" id="168"/>
		<slot count="1" id="90"/>
	</inventory>
	<abilities/>
</entity>