
<entities file_version="0.1">
	<entity filename="" IsSimulatedSky="true" rainStrength="0" snowStrength="0" class="EntitySky" name="sky"/>
	<entity bz="19158" motionZ="0" onGround="true" facing="-0.0065994789439288" class="Mob" item_id="20014" bx="19216" by="175" motionX="0.12400000000025" motionY="0.12400000000025"/>
	<entity class="EntityDesktop" name="desktop">
		<inventory>
			<slot count="1" id="10052">{tooltip="作者的话","欢迎来到我的世界#请仔细阅读规则#=到创意论坛来支持我的作品哦~=#[[http://bbs.paraengine.com/forum.php][点我进入论坛]]",}
			</slot>
			<slot count="1" id="10060">{tooltip="到论坛支持作者，给作者留言[bbs]","http://bbs.paraengine.com/forum.php?mod=forumdisplay&amp;fid=50",}
			</slot>
		</inventory>
	</entity>
	<entity bz="19355" bx="18971" name="player_spawn_point" class="EntityHomePoint" item_id="20002" by="72">
		<cmd>/time -0.55
		</cmd>
	</entity>
</entities>